Workbook

Sheet SNCImport
B2: CBCT - Gantry Iso X (mm) | C2: =Analysis!V3-Analysis!V$4 -> #DIV/0!
B3: CBCT - Gantry Iso Y (mm) | C3: =Analysis!W3-Analysis!W$4 -> #DIV/0!
B4: CBCT - Gantry Iso Z (mm) | C4: =Analysis!X3-Analysis!X$4 -> #DIV/0!
B5: Table - Gantry Iso X (mm) | C5: =Analysis!V5-Analysis!V$4 -> #DIV/0!
B6: Table - Gantry Iso Z (mm) | C6: =Analysis!X5-Analysis!X$4 -> #DIV/0!
B7: Gantry Flex (mm) | C7: =Analysis!O3
B8: Col-Gantry misalignment (mm) | C8: =Analysis!P3 -> #DIV/0!
B9: MLC offset (mm) | C9: =Analysis!T1
B10: Table Isocentricity (mm) | C10: =SQRT(Analysis!R12) -> 0
B11: Gantry Isocentricity (mm) | C11: =Analysis!O8 -> 0
B12: Collimator Isocentricity (mm) | C12: =Collimator!L2 -> 0

Sheet Data
A1: Winston-Lutz Field Data | B1: Data Date: NA | C1: Analysis Date: NA
A2: machine id | B2: field name | C2: status | D2: table yaw | E2: gantry angle | F2: coll angle | G2: X offset corrected box-ball | H2: Y offset corrected box-ball | I2: XY offset corrected | J2: X box center corrected | K2: Y box center corrected | L2: X tongue and groove correction | M2: Y tongue and groove correction | N2: X ball center | O2: Y ball center | P2: box left uncorrected | Q2: box right uncorrected | R2: box top uncorrected | S2: box bottom uncorrected | T2: X box center uncorrected | U2: Y box center uncorrected | V2: Patient ID | W2: Patient Name | X2: Instance (slice) UID | Y2: Series UID
A3: NA | B3: NA | C3: NA | D3: -1 | E3: -1 | F3: -1 | G3: -1 | H3: -1 | I3: -1 | J3: -1 | K3: -1 | L3: -1 | M3: -1 | N3: -1 | O3: -1 | P3: -1 | Q3: -1 | R3: -1 | S3: -1 | T3: -1 | U3: -1 | V3: NA | W3: NA | X3: NA | Y3: NA
A4: NA | B4: NA | C4: NA | D4: -1 | E4: -1 | F4: -1 | G4: -1 | H4: -1 | I4: -1 | J4: -1 | K4: -1 | L4: -1 | M4: -1 | N4: -1 | O4: -1 | P4: -1 | Q4: -1 | R4: -1 | S4: -1 | T4: -1 | U4: -1 | V4: NA | W4: NA | X4: NA | Y4: NA
A5: NA | B5: NA | C5: NA | D5: -1 | E5: -1 | F5: -1 | G5: -1 | H5: -1 | I5: -1 | J5: -1 | K5: -1 | L5: -1 | M5: -1 | N5: -1 | O5: -1 | P5: -1 | Q5: -1 | R5: -1 | S5: -1 | T5: -1 | U5: -1 | V5: NA | W5: NA | X5: NA | Y5: NA
A6: NA | B6: NA | C6: NA | D6: -1 | E6: -1 | F6: -1 | G6: -1 | H6: -1 | I6: -1 | J6: -1 | K6: -1 | L6: -1 | M6: -1 | N6: -1 | O6: -1 | P6: -1 | Q6: -1 | R6: -1 | S6: -1 | T6: -1 | U6: -1 | V6: NA | W6: NA | X6: NA | Y6: NA
A7: NA | B7: NA | C7: NA | D7: -1 | E7: -1 | F7: -1 | G7: -1 | H7: -1 | I7: -1 | J7: -1 | K7: -1 | L7: -1 | M7: -1 | N7: -1 | O7: -1 | P7: -1 | Q7: -1 | R7: -1 | S7: -1 | T7: -1 | U7: -1 | V7: NA | W7: NA | X7: NA | Y7: NA
A8: NA | B8: NA | C8: NA | D8: -1 | E8: -1 | F8: -1 | G8: -1 | H8: -1 | I8: -1 | J8: -1 | K8: -1 | L8: -1 | M8: -1 | N8: -1 | O8: -1 | P8: -1 | Q8: -1 | R8: -1 | S8: -1 | T8: -1 | U8: -1 | V8: NA | W8: NA | X8: NA | Y8: NA
A9: NA | B9: NA | C9: NA | D9: -1 | E9: -1 | F9: -1 | G9: -1 | H9: -1 | I9: -1 | J9: -1 | K9: -1 | L9: -1 | M9: -1 | N9: -1 | O9: -1 | P9: -1 | Q9: -1 | R9: -1 | S9: -1 | T9: -1 | U9: -1 | V9: NA | W9: NA | X9: NA | Y9: NA
A10: NA | B10: NA | C10: NA | D10: -1 | E10: -1 | F10: -1 | G10: -1 | H10: -1 | I10: -1 | J10: -1 | K10: -1 | L10: -1 | M10: -1 | N10: -1 | O10: -1 | P10: -1 | Q10: -1 | R10: -1 | S10: -1 | T10: -1 | U10: -1 | V10: NA | W10: NA | X10: NA | Y10: NA
A11: NA | B11: NA | C11: NA | D11: -1 | E11: -1 | F11: -1 | G11: -1 | H11: -1 | I11: -1 | J11: -1 | K11: -1 | L11: -1 | M11: -1 | N11: -1 | O11: -1 | P11: -1 | Q11: -1 | R11: -1 | S11: -1 | T11: -1 | U11: -1 | V11: NA | W11: NA | X11: NA | Y11: NA
A12: NA | B12: NA | C12: NA | D12: -1 | E12: -1 | F12: -1 | G12: -1 | H12: -1 | I12: -1 | J12: -1 | K12: -1 | L12: -1 | M12: -1 | N12: -1 | O12: -1 | P12: -1 | Q12: -1 | R12: -1 | S12: -1 | T12: -1 | U12: -1 | V12: NA | W12: NA | X12: NA | Y12: NA
A13: NA | B13: NA | C13: NA | D13: -1 | E13: -1 | F13: -1 | G13: -1 | H13: -1 | I13: -1 | J13: -1 | K13: -1 | L13: -1 | M13: -1 | N13: -1 | O13: -1 | P13: -1 | Q13: -1 | R13: -1 | S13: -1 | T13: -1 | U13: -1 | V13: NA | W13: NA | X13: NA | Y13: NA
A14: NA | B14: NA | C14: NA | D14: -1 | E14: -1 | F14: -1 | G14: -1 | H14: -1 | I14: -1 | J14: -1 | K14: -1 | L14: -1 | M14: -1 | N14: -1 | O14: -1 | P14: -1 | Q14: -1 | R14: -1 | S14: -1 | T14: -1 | U14: -1 | V14: NA | W14: NA | X14: NA | Y14: NA
... A17: NA | B17: NA | C17: NA | D17: -1 | E17: -1 | F17: -1 | G17: -1 | H17: -1 | I17: -1 | J17: -1 | K17: -1 | L17: -1 | M17: -1 | N17: -1 | O17: -1 | P17: -1 | Q17: -1 | R17: -1 | S17: -1 | T17: -1 | U17: -1 | V17: NA | W17: NA | X17: NA | Y17: NA
A19: ballCBCT
A20: x (mm) | B20: y (mm) | C20: z (mm)
A21: =10*(A24-A23) -> 0 | B21: =10*(B24-B23) -> 0 | C21: =10*(C24-C23) -> 0 | G21: To re-calculate spreadsheet in Excel, use CTRL-ALT-SHIFT-F9 and then run the solver on each of the Analysis and Collimator sheets.
A23: 0 | B23: 0 | C23: 0 | D23: AcqIsocenter
A24: 0 | B24: 0 | C24: 0 | D24: Ball

Sheet Preprocess
A1: =Data!A1 -> Winston-Lutz Field Data | B1: =Data!B1 -> Data Date: NA | C1: =Data!C1 -> Analysis Date: NA
A2: =Data!A2 -> machine id | B2: =Data!B2 -> field name | C2: =Data!C2 -> status | D2: =Data!E2 -> gantry angle | E2: =Data!F2 -> coll angle | F2: =Data!D2 -> table yaw | G2: =Data!G2 -> X offset corrected box-ball | H2: =Data!H2 -> Y offset corrected box-ball | I2: =Data!I2 -> XY offset corrected | J2: =Data!J2 -> X box center corrected | K2: =Data!K2 -> Y box center corrected | L2: =Data!L2 -> X tongue and groove correction | M2: =Data!M2 -> Y tongue and groove correction | N2: =Data!N2 -> X ball center | ... V2: =Data!V2 -> Patient ID
A3: =Data!A3 -> NA | B3: =Data!B3 -> NA | C3: =Data!C3 -> NA | D3: =IF(ROUND(Data!E3,0)=360,0,ROUND(Data!E3,0)) -> -1 | E3: =IF(ROUND(Data!F3,0)=360,0,ROUND(Data!F3,0)) -> -1 | F3: =IF(ROUND(Data!D3,0)=0,0,ROUND(360-Data!D3,0)) -> 361 | G3: =Data!G3 -> -1 | H3: =Data!H3 -> -1 | I3: =Data!I3 -> -1 | J3: =Data!J3 -> -1 | K3: =Data!K3 -> -1 | L3: =Data!L3 -> -1 | M3: =Data!M3 -> -1 | N3: =Data!N3 -> -1 | ... V3: =Data!V3 -> NA
A4: =Data!A4 -> NA | B4: =Data!B4 -> NA | C4: =Data!C4 -> NA | D4: =IF(ROUND(Data!E4,0)=360,0,ROUND(Data!E4,0)) -> -1 | E4: =IF(ROUND(Data!F4,0)=360,0,ROUND(Data!F4,0)) -> -1 | F4: =IF(ROUND(Data!D4,0)=0,0,ROUND(360-Data!D4,0)) -> 361 | G4: =Data!G4 -> -1 | H4: =Data!H4 -> -1 | I4: =Data!I4 -> -1 | J4: =Data!J4 -> -1 | K4: =Data!K4 -> -1 | L4: =Data!L4 -> -1 | M4: =Data!M4 -> -1 | N4: =Data!N4 -> -1 | ... V4: =Data!V4 -> NA
A5: =Data!A5 -> NA | B5: =Data!B5 -> NA | C5: =Data!C5 -> NA | D5: =IF(ROUND(Data!E5,0)=360,0,ROUND(Data!E5,0)) -> -1 | E5: =IF(ROUND(Data!F5,0)=360,0,ROUND(Data!F5,0)) -> -1 | F5: =IF(ROUND(Data!D5,0)=0,0,ROUND(360-Data!D5,0)) -> 361 | G5: =Data!G5 -> -1 | H5: =Data!H5 -> -1 | I5: =Data!I5 -> -1 | J5: =Data!J5 -> -1 | K5: =Data!K5 -> -1 | L5: =Data!L5 -> -1 | M5: =Data!M5 -> -1 | N5: =Data!N5 -> -1 | ... V5: =Data!V5 -> NA
A6: =Data!A6 -> NA | B6: =Data!B6 -> NA | C6: =Data!C6 -> NA | D6: =IF(ROUND(Data!E6,0)=360,0,ROUND(Data!E6,0)) -> -1 | E6: =IF(ROUND(Data!F6,0)=360,0,ROUND(Data!F6,0)) -> -1 | F6: =IF(ROUND(Data!D6,0)=0,0,ROUND(360-Data!D6,0)) -> 361 | G6: =Data!G6 -> -1 | H6: =Data!H6 -> -1 | I6: =Data!I6 -> -1 | J6: =Data!J6 -> -1 | K6: =Data!K6 -> -1 | L6: =Data!L6 -> -1 | M6: =Data!M6 -> -1 | N6: =Data!N6 -> -1 | ... V6: =Data!V6 -> NA
A7: =Data!A7 -> NA | B7: =Data!B7 -> NA | C7: =Data!C7 -> NA | D7: =IF(ROUND(Data!E7,0)=360,0,ROUND(Data!E7,0)) -> -1 | E7: =IF(ROUND(Data!F7,0)=360,0,ROUND(Data!F7,0)) -> -1 | F7: =IF(ROUND(Data!D7,0)=0,0,ROUND(360-Data!D7,0)) -> 361 | G7: =Data!G7 -> -1 | H7: =Data!H7 -> -1 | I7: =Data!I7 -> -1 | J7: =Data!J7 -> -1 | K7: =Data!K7 -> -1 | L7: =Data!L7 -> -1 | M7: =Data!M7 -> -1 | N7: =Data!N7 -> -1 | ... V7: =Data!V7 -> NA
A8: =Data!A8 -> NA | B8: =Data!B8 -> NA | C8: =Data!C8 -> NA | D8: =IF(ROUND(Data!E8,0)=360,0,ROUND(Data!E8,0)) -> -1 | E8: =IF(ROUND(Data!F8,0)=360,0,ROUND(Data!F8,0)) -> -1 | F8: =IF(ROUND(Data!D8,0)=0,0,ROUND(360-Data!D8,0)) -> 361 | G8: =Data!G8 -> -1 | H8: =Data!H8 -> -1 | I8: =Data!I8 -> -1 | J8: =Data!J8 -> -1 | K8: =Data!K8 -> -1 | L8: =Data!L8 -> -1 | M8: =Data!M8 -> -1 | N8: =Data!N8 -> -1 | ... V8: =Data!V8 -> NA
A9: =Data!A9 -> NA | B9: =Data!B9 -> NA | C9: =Data!C9 -> NA | D9: =IF(ROUND(Data!E9,0)=360,0,ROUND(Data!E9,0)) -> -1 | E9: =IF(ROUND(Data!F9,0)=360,0,ROUND(Data!F9,0)) -> -1 | F9: =IF(ROUND(Data!D9,0)=0,0,ROUND(360-Data!D9,0)) -> 361 | G9: =Data!G9 -> -1 | H9: =Data!H9 -> -1 | I9: =Data!I9 -> -1 | J9: =Data!J9 -> -1 | K9: =Data!K9 -> -1 | L9: =Data!L9 -> -1 | M9: =Data!M9 -> -1 | N9: =Data!N9 -> -1 | ... V9: =Data!V9 -> NA
A10: =Data!A10 -> NA | B10: =Data!B10 -> NA | C10: =Data!C10 -> NA | D10: =IF(ROUND(Data!E10,0)=360,0,ROUND(Data!E10,0)) -> -1 | E10: =IF(ROUND(Data!F10,0)=360,0,ROUND(Data!F10,0)) -> -1 | F10: =IF(ROUND(Data!D10,0)=0,0,ROUND(360-Data!D10,0)) -> 361 | G10: =Data!G10 -> -1 | H10: =Data!H10 -> -1 | I10: =Data!I10 -> -1 | J10: =Data!J10 -> -1 | K10: =Data!K10 -> -1 | L10: =Data!L10 -> -1 | M10: =Data!M10 -> -1 | N10: =Data!N10 -> -1 | ... V10: =Data!V10 -> NA
A11: =Data!A11 -> NA | B11: =Data!B11 -> NA | C11: =Data!C11 -> NA | D11: =IF(ROUND(Data!E11,0)=360,0,ROUND(Data!E11,0)) -> -1 | E11: =IF(ROUND(Data!F11,0)=360,0,ROUND(Data!F11,0)) -> -1 | F11: =IF(ROUND(Data!D11,0)=0,0,ROUND(360-Data!D11,0)) -> 361 | G11: =Data!G11 -> -1 | H11: =Data!H11 -> -1 | I11: =Data!I11 -> -1 | J11: =Data!J11 -> -1 | K11: =Data!K11 -> -1 | L11: =Data!L11 -> -1 | M11: =Data!M11 -> -1 | N11: =Data!N11 -> -1 | ... V11: =Data!V11 -> NA
A12: =Data!A12 -> NA | B12: =Data!B12 -> NA | C12: =Data!C12 -> NA | D12: =IF(ROUND(Data!E12,0)=360,0,ROUND(Data!E12,0)) -> -1 | E12: =IF(ROUND(Data!F12,0)=360,0,ROUND(Data!F12,0)) -> -1 | F12: =IF(ROUND(Data!D12,0)=0,0,ROUND(360-Data!D12,0)) -> 361 | G12: =Data!G12 -> -1 | H12: =Data!H12 -> -1 | I12: =Data!I12 -> -1 | J12: =Data!J12 -> -1 | K12: =Data!K12 -> -1 | L12: =Data!L12 -> -1 | M12: =Data!M12 -> -1 | N12: =Data!N12 -> -1 | ... V12: =Data!V12 -> NA
A13: =Data!A13 -> NA | B13: =Data!B13 -> NA | C13: =Data!C13 -> NA | D13: =IF(ROUND(Data!E13,0)=360,0,ROUND(Data!E13,0)) -> -1 | E13: =IF(ROUND(Data!F13,0)=360,0,ROUND(Data!F13,0)) -> -1 | F13: =IF(ROUND(Data!D13,0)=0,0,ROUND(360-Data!D13,0)) -> 361 | G13: =Data!G13 -> -1 | H13: =Data!H13 -> -1 | I13: =Data!I13 -> -1 | J13: =Data!J13 -> -1 | K13: =Data!K13 -> -1 | L13: =Data!L13 -> -1 | M13: =Data!M13 -> -1 | N13: =Data!N13 -> -1 | ... V13: =Data!V13 -> NA
A14: =Data!A14 -> NA | B14: =Data!B14 -> NA | C14: =Data!C14 -> NA | D14: =IF(ROUND(Data!E14,0)=360,0,ROUND(Data!E14,0)) -> -1 | E14: =IF(ROUND(Data!F14,0)=360,0,ROUND(Data!F14,0)) -> -1 | F14: =IF(ROUND(Data!D14,0)=0,0,ROUND(360-Data!D14,0)) -> 361 | G14: =Data!G14 -> -1 | H14: =Data!H14 -> -1 | I14: =Data!I14 -> -1 | J14: =Data!J14 -> -1 | K14: =Data!K14 -> -1 | L14: =Data!L14 -> -1 | M14: =Data!M14 -> -1 | N14: =Data!N14 -> -1 | ... V14: =Data!V14 -> NA
... A17: =Data!A17 -> NA | B17: =Data!B17 -> NA | C17: =Data!C17 -> NA | D17: =IF(ROUND(Data!E17,0)=360,0,ROUND(Data!E17,0)) -> -1 | E17: =IF(ROUND(Data!F17,0)=360,0,ROUND(Data!F17,0)) -> -1 | F17: =IF(ROUND(Data!D17,0)=0,0,ROUND(360-Data!D17,0)) -> 361 | G17: =Data!G17 -> -1 | H17: =Data!H17 -> -1 | I17: =Data!I17 -> -1 | J17: =Data!J17 -> -1 | K17: =Data!K17 -> -1 | L17: =Data!L17 -> -1 | M17: =Data!M17 -> -1 | N17: =Data!N17 -> -1 | ... V17: =Data!V17 -> NA
A19: Sorted | D19: gantry angle | E19: coll angle | F19: table yaw | G19: X offset corrected box-ball | H19: Y offset corrected box-ball
D20: {=_xlfn.SORTBY(D3:H17,F3:F17,1,D3:D17,1,E3:E17,1)} -> -1 | E20: -1 | F20: 361 | G20: -1 | H20: -1
D21: -1 | E21: -1 | F21: 361 | G21: -1 | H21: -1
D22: -1 | E22: -1 | F22: 361 | G22: -1 | H22: -1
D23: -1 | E23: -1 | F23: 361 | G23: -1 | H23: -1
D24: -1 | E24: -1 | F24: 361 | G24: -1 | H24: -1
D25: -1 | E25: -1 | F25: 361 | G25: -1 | H25: -1
D26: -1 | E26: -1 | F26: 361 | G26: -1 | H26: -1
D27: -1 | E27: -1 | F27: 361 | G27: -1 | H27: -1
D28: -1 | E28: -1 | F28: 361 | G28: -1 | H28: -1
D29: -1 | E29: -1 | F29: 361 | G29: -1 | H29: -1
D30: -1 | E30: -1 | F30: 361 | G30: -1 | H30: -1
D31: -1 | E31: -1 | F31: 361 | G31: -1 | H31: -1
D32: -1 | E32: -1 | F32: 361 | G32: -1 | H32: -1
... D34: -1 | E34: -1 | F34: 361 | G34: -1 | H34: -1

Sheet Analysis
A1: Gantry | S1: MLC offset | T1: =IF(OR(I3="",I8="",J5="",J10="",K3="",K5="",K8="",K10=""),"",T2)
A2: Gantry angle | B2: Collimator angle | C2: Table angle | D2: X offset corrected box-ball | E2: Y offset corrected box-ball | F2: CA-X | G2: CA-Y | H2: CA-Z | I2: Coll-X | J2: Coll-Y | K2: Coll-Z | L2: ISO-X | M2: ISO-Y | N2: ISO-Z | O2: Gantry flex | P2: Coll-Gantry-misalign | Q2: MLC-dx | R2: MLC-dy | S2: =S3-S4 -> #VALUE! | T2: =T3-T4 -> #VALUE! | V2: X (mm) | W2: Y (mm) | X2: Z (mm)
A3: =Preprocess!D20 -> -1 | B3: =Preprocess!E20 -> -1 | C3: 0 | D3: =IF(AND($A3=0,$B3=90,$C3=0),Preprocess!G20,"") | E3: =IF(AND($A3=0,$B3=90,$C3=0),Preprocess!H20,"") | F3: =IF(D3="","",D3) | H3: =IF(E3="","",-E3) | I3: =IF(OR(F3="",F4=""),"",0.5*(F3+F4)) | K3: =IF(OR(H3="",H4=""),"",0.5*(H3+H4)) | L3: =AVERAGE(I3:I10) -> #DIV/0! | M3: =AVERAGE(J3:J10) -> #DIV/0! | N3: =AVERAGE(K3:K10) -> #DIV/0! | O3: =IF(OR(K3="",K8=""),"",K3-K8) | P3: =IF(OR(I3="",L3="",J5="",M3="",I8="",J10=""),"",AVERAGE(I3-L3,J5-M3,L3-I8,M3-J10)) -> #DIV/0! | Q3: =F3-I$3 -> #VALUE! | R3: =-(H3-K$3) -> #VALUE! | S3: =AVERAGE(Q3,Q5,Q8,Q10) -> #VALUE! | T3: =AVERAGE(R3,R5,R8,R10) -> #VALUE! | U3: CBCT origin relative to BB at table zero | V3: =Analysis!A27 -> 0 | W3: =Analysis!B27 -> 0 | X3: =Analysis!C27 -> 0
A4: =Preprocess!D21 -> -1 | B4: =Preprocess!E21 -> -1 | C4: =Preprocess!F21 -> 361 | D4: =IF(AND($A4=0,$B4=270,$C4=0),Preprocess!G21,"") | E4: =IF(AND($A4=0,$B4=270,$C4=0),Preprocess!H21,"") | F4: =IF(D4="","",D4) | H4: =IF(E4="","",-E4) | Q4: =F4-I$3 -> #VALUE! | R4: =-(H4-K$3) -> #VALUE! | S4: =AVERAGE(Q4,Q6,Q9,Q11) -> #VALUE! | T4: =AVERAGE(R4,R6,R9,R11) -> #VALUE! | U4: Gantry isocenter relative to BB at table zero | V4: =Analysis!L3 -> #DIV/0! | W4: =Analysis!M3 -> #DIV/0! | X4: =Analysis!N3 -> #DIV/0!
A5: =Preprocess!D22 -> -1 | B5: =Preprocess!E22 -> -1 | C5: =Preprocess!F22 -> 361 | D5: =IF(AND($A5=90,$B5=90,$C5=0),Preprocess!G22,"") | E5: =IF(AND($A5=90,$B5=90,$C5=0),Preprocess!H22,"") | G5: =IF(D5="","",D5) | H5: =IF(E5="","",-E5) | J5: =IF(OR(G5="",G6=""),"",0.5*(G5+G6)) | K5: =IF(OR(H5="",H6=""),"",0.5*(H5+H6)) | Q5: =G5-J$5 -> #VALUE! | R5: =-(H5-K$5) -> #VALUE! | U5: Table axis relative to BB at table zero | V5: =Analysis!N14 -> -1 | X5: =Analysis!O14 -> -1
A6: =Preprocess!D23 -> -1 | B6: =Preprocess!E23 -> -1 | C6: =Preprocess!F23 -> 361 | D6: =IF(AND($A6=90,$B6=270,$C6=0),Preprocess!G23,"") | E6: =IF(AND($A6=90,$B6=270,$C6=0),Preprocess!H23,"") | G6: =IF(D6="","",D6) | H6: =IF(E6="","",-E6) | M6: ΔX | N6: ΔY | O6: ΔZ | Q6: =G6-J$5 -> #VALUE! | R6: =-(H6-K$5) -> #VALUE!
A7: =Preprocess!D24 -> -1 | B7: =Preprocess!E24 -> -1 | C7: =Preprocess!F24 -> 361 | D7: =IF(AND($A7=180,$B7=0,$C7=0),Preprocess!G24,"") | E7: =IF(AND($A7=180,$B7=0,$C7=0),Preprocess!H24,"") | F7: =IF(D7="","",-D7) | H7: =IF(E7="","",-E7) | M7: =MAX(I3:I11)-MIN(I3:I11) -> 0 | N7: =MAX(J3:J11)-MIN(J3:J11) -> 0 | O7: =MAX(K3:K11)-MIN(K3:K11) -> 0 | Q7: =-(F7-I$8) -> #VALUE! | R7: =-(H7-K$8) -> #VALUE!
A8: =Preprocess!D25 -> -1 | B8: =Preprocess!E25 -> -1 | C8: =Preprocess!F25 -> 361 | D8: =IF(AND($A8=180,$B8=90,$C8=0),Preprocess!G25,"") | E8: =IF(AND($A8=180,$B8=90,$C8=0),Preprocess!H25,"") | F8: =IF(D8="","",-D8) | H8: =IF(E8="","",-E8) | I8: =IF(OR(F8="",F9=""),"",0.5*(F8+F9)) | K8: =IF(OR(H8="",H9=""),"",0.5*(H8+H9)) | O8: =SQRT((M7)^2+(N7)^2+(O7)^2)/2 -> 0 | P8: Gantry Isocentricity | Q8: =-(F8-I$8) -> #VALUE! | R8: =-(H8-K$8) -> #VALUE!
A9: =Preprocess!D26 -> -1 | B9: =Preprocess!E26 -> -1 | C9: =Preprocess!F26 -> 361 | D9: =IF(AND($A9=180,$B9=270,$C9=0),Preprocess!G26,"") | E9: =IF(AND($A9=180,$B9=270,$C9=0),Preprocess!H26,"") | F9: =IF(D9="","",-D9) | H9: =IF(E9="","",-E9) | Q9: =-(F9-I$8) -> #VALUE! | R9: =-(H9-K$8) -> #VALUE!
A10: =Preprocess!D27 -> -1 | B10: =Preprocess!E27 -> -1 | C10: =Preprocess!F27 -> 361 | D10: =IF(AND($A10=270,$B10=90,$C10=0),Preprocess!G27,"") | E10: =IF(AND($A10=270,$B10=90,$C10=0),Preprocess!H27,"") | G10: =IF(D10="","",-D10) | H10: =IF(E10="","",-E10) | J10: =IF(OR(G10="",G11=""),"",0.5*(G10+G11)) | K10: =IF(OR(H10="",H11=""),"",0.5*(H10+H11)) | Q10: =-(G10-J$10) -> #VALUE! | R10: =-(H10-K$10) -> #VALUE!
A11: =Preprocess!D28 -> -1 | B11: =Preprocess!E28 -> -1 | C11: =Preprocess!F28 -> 361 | D11: =IF(AND($A11=270,$B11=270,$C11=0),Preprocess!G28,"") | E11: =IF(AND($A11=270,$B11=270,$C11=0),Preprocess!H28,"") | G11: =IF(D11="","",-D11) | H11: =IF(E11="","",-E11) | Q11: =-(G11-J$10) -> #VALUE! | R11: =-(H11-K$10) -> #VALUE!
K12: =MAX(MAX(J14:J19)-MIN(J14:J19),MAX(K14:K19)-MIN(K14:K19)) -> #VALUE! | O12: Max square of BB displacement | Q12: -> | R12: =MAX(R14:R20) -> 0 | S12: Solve for smallest max (Couch Isocentricity)
A13: Table | F13: CA-X | G13: CA-Z | H13: BB-X | I13: BB-Z | J13: BB-X' | K13: BB-Z' | L13: dX | M13: dZ | N13: Table-X | O13: Table-Z | P13: BB-X" | Q13: BB-Z" | R13: BB-R"^2
A14: =Preprocess!D26 -> -1 | B14: =Preprocess!E26 -> -1 | C14: =Preprocess!F26 -> 361 | D14: =IF(AND($A14=180,$B14=270,$C14=0),Preprocess!G26,"") | E14: =IF(AND($A14=180,$B14=270,$C14=0),Preprocess!H26,"") | F14: =IF(D14="","",-D14) | G14: =IF(E14="","",-E14) | H14: =F$14-F14 -> #VALUE! | I14: =G$14-G14 -> #VALUE! | J14: =H14+L14 -> #VALUE! | K14: =I14+M14 -> #VALUE! | L14: -1 | M14: -1 | N14: -1 | O14: -1 | P14: =J14-N$14 -> #VALUE! | Q14: =K14-O$14 -> #VALUE! | R14: =IF(OR(D14="",E14=""),"",P14^2+Q14^2)
A15: =Preprocess!D29 -> -1 | B15: =Preprocess!E29 -> -1 | C15: =Preprocess!F29 -> 361 | D15: =IF(AND($A15=180,$B15=270),Preprocess!G29,"") | E15: =IF(AND($A15=180,$B15=270),Preprocess!H29,"") | F15: =IF(D15="","",-D15) | G15: =IF(E15="","",-E15) | H15: =F$14-F15 -> #VALUE! | I15: =G$14-G15 -> #VALUE! | J15: =H15+L15 -> #VALUE! | K15: =I15+M15 -> #VALUE! | L15: =L$14*COS(C15*PI()/180)+M$14*SIN(C15*PI()/180) -> -1.0173001 | M15: =M$14*COS(C15*PI()/180)-L$14*SIN(C15*PI()/180) -> -0.98239529 | P15: =J15-N$14 -> #VALUE! | Q15: =K15-O$14 -> #VALUE! | R15: =IF(OR(D15="",E15=""),"",P15^2+Q15^2)
A16: =Preprocess!D30 -> -1 | B16: =Preprocess!E30 -> -1 | C16: =Preprocess!F30 -> 361 | D16: =IF(AND($A16=180,$B16=270),Preprocess!G30,"") | E16: =IF(AND($A16=180,$B16=270),Preprocess!H30,"") | F16: =IF(D16="","",-D16) | G16: =IF(E16="","",-E16) | H16: =F$14-F16 -> #VALUE! | I16: =G$14-G16 -> #VALUE! | J16: =H16+L16 -> #VALUE! | K16: =I16+M16 -> #VALUE! | L16: =L$14*COS(C16*PI()/180)+M$14*SIN(C16*PI()/180) -> -1.0173001 | M16: =M$14*COS(C16*PI()/180)-L$14*SIN(C16*PI()/180) -> -0.98239529 | P16: =J16-N$14 -> #VALUE! | Q16: =K16-O$14 -> #VALUE! | R16: =IF(OR(D16="",E16=""),"",P16^2+Q16^2)
A17: =Preprocess!D31 -> -1 | B17: =Preprocess!E31 -> -1 | C17: =Preprocess!F31 -> 361 | D17: =IF(AND($A17=180,$B17=270),Preprocess!G31,"") | E17: =IF(AND($A17=180,$B17=270),Preprocess!H31,"") | F17: =IF(D17="","",-D17) | G17: =IF(E17="","",-E17) | H17: =F$14-F17 -> #VALUE! | I17: =G$14-G17 -> #VALUE! | J17: =H17+L17 -> #VALUE! | K17: =I17+M17 -> #VALUE! | L17: =L$14*COS(C17*PI()/180)+M$14*SIN(C17*PI()/180) -> -1.0173001 | M17: =M$14*COS(C17*PI()/180)-L$14*SIN(C17*PI()/180) -> -0.98239529 | P17: =J17-N$14 -> #VALUE! | Q17: =K17-O$14 -> #VALUE! | R17: =IF(OR(D17="",E17=""),"",P17^2+Q17^2)
A18: =Preprocess!D32 -> -1 | B18: =Preprocess!E32 -> -1 | C18: =Preprocess!F32 -> 361 | D18: =IF(AND($A18=180,$B18=270),Preprocess!G32,"") | E18: =IF(AND($A18=180,$B18=270),Preprocess!H32,"") | F18: =IF(D18="","",-D18) | G18: =IF(E18="","",-E18) | H18: =F$14-F18 -> #VALUE! | I18: =G$14-G18 -> #VALUE! | J18: =H18+L18 -> #VALUE! | K18: =I18+M18 -> #VALUE! | L18: =L$14*COS(C18*PI()/180)+M$14*SIN(C18*PI()/180) -> -1.0173001 | M18: =M$14*COS(C18*PI()/180)-L$14*SIN(C18*PI()/180) -> -0.98239529 | P18: =J18-N$14 -> #VALUE! | Q18: =K18-O$14 -> #VALUE! | R18: =IF(OR(D18="",E18=""),"",P18^2+Q18^2)
A19: =Preprocess!D33 -> -1 | B19: =Preprocess!E33 -> -1 | C19: =Preprocess!F33 -> 361 | D19: =IF(AND($A19=180,$B19=270),Preprocess!G33,"") | E19: =IF(AND($A19=180,$B19=270),Preprocess!H33,"") | F19: =IF(D19="","",-D19) | G19: =IF(E19="","",-E19) | H19: =F$14-F19 -> #VALUE! | I19: =G$14-G19 -> #VALUE! | J19: =H19+L19 -> #VALUE! | K19: =I19+M19 -> #VALUE! | L19: =L$14*COS(C19*PI()/180)+M$14*SIN(C19*PI()/180) -> -1.0173001 | M19: =M$14*COS(C19*PI()/180)-L$14*SIN(C19*PI()/180) -> -0.98239529 | P19: =J19-N$14 -> #VALUE! | Q19: =K19-O$14 -> #VALUE! | R19: =IF(OR(D19="",E19=""),"",P19^2+Q19^2)
A20: =Preprocess!D34 -> -1 | B20: =Preprocess!E34 -> -1 | C20: =Preprocess!F34 -> 361 | D20: =IF(AND($A20=180,$B20=270),Preprocess!G34,"") | E20: =IF(AND($A20=180,$B20=270),Preprocess!H34,"") | F20: =IF(D20="","",-D20) | G20: =IF(E20="","",-E20) | H20: =F$14-F20 -> #VALUE! | I20: =G$14-G20 -> #VALUE! | J20: =H20+L20 -> #VALUE! | K20: =I20+M20 -> #VALUE! | L20: =L$14*COS(C20*PI()/180)+M$14*SIN(C20*PI()/180) -> -1.0173001 | M20: =M$14*COS(C20*PI()/180)-L$14*SIN(C20*PI()/180) -> -0.98239529 | P20: =J20-N$14 -> #VALUE! | Q20: =K20-O$14 -> #VALUE! | R20: =IF(OR(D20="",E20=""),"",P20^2+Q20^2)
L21: Coordinates in rotated system | P21: BB coordinates after minimization | R21: sum of squars x^2 +y^2 for each table angle
A22: =Data!A19 -> ballCBCT
A23: =Data!A20 -> x (mm) | B23: =Data!B20 -> y (mm) | C23: =Data!C20 -> z (mm)
A24: =Data!A21 -> 0 | B24: =Data!B21 -> 0 | C24: =Data!C21 -> 0
A25: CBCT-ball-table0
A26: x | B26: y | C26: z
A27: =-A24 -> 0 | B27: =-B24 -> 0 | C27: =-C24 -> 0

Sheet Collimator
H2: Max square of CA displacement -> | L2: =MAX(L4:L6) -> 0 | M2: Solve for smallest max (Collimator Isocentricity)
A3: Collimator | F3: CA-X | G3: CA-Z | H3: Coll-X | I3: Coll-Z | J3: CA-X'' | K3: CA-Z'' | L3: CA-R''^2
A4: =Preprocess!D24 -> -1 | B4: =Preprocess!E24 -> -1 | C4: =Preprocess!F24 -> 361 | D4: =IF(AND($A4=180,$B4=0,$C4=0),Preprocess!G24,"") | E4: =IF(AND($A4=180,$B4=0,$C4=0),Preprocess!H24,"") | F4: =IF(D4="","",-D4) | G4: =IF(E4="","",-E4) | H4: -1 | I4: -1 | J4: =F4-H$4 -> #VALUE! | K4: =G4-I$4 -> #VALUE! | L4: =IF(OR(D4="",E4=""),"",SQRT(J4^2+K4^2))
A5: =Preprocess!D25 -> -1 | B5: =Preprocess!E25 -> -1 | C5: =Preprocess!F25 -> 361 | D5: =IF(AND($A5=180,$B5=90,$C5=0),Preprocess!G25,"") | E5: =IF(AND($A5=180,$B5=90,$C5=0),Preprocess!H25,"") | F5: =IF(D5="","",-D5) | G5: =IF(E5="","",-E5) | J5: =F5-H$4 -> #VALUE! | K5: =G5-I$4 -> #VALUE! | L5: =IF(OR(D5="",E5=""),"",SQRT(J5^2+K5^2))
A6: =Preprocess!D26 -> -1 | B6: =Preprocess!E26 -> -1 | C6: =Preprocess!F26 -> 361 | D6: =IF(AND($A6=180,$B6=270,$C6=0),Preprocess!G26,"") | E6: =IF(AND($A6=180,$B6=270,$C6=0),Preprocess!H26,"") | F6: =IF(D6="","",-D6) | G6: =IF(E6="","",-E6) | J6: =F6-H$4 -> #VALUE! | K6: =G6-I$4 -> #VALUE! | L6: =IF(OR(D6="",E6=""),"",SQRT(J6^2+K6^2))
F7: =IF(D7="","",-D7) | G7: =IF(E7="","",-E7)

Sheet Report
A1: Date and Time | B1: Machine | C1: CBCT-> | D1: CBCT-> | E1: CBCT-> | F1: Table Axis-> | G1: Table Axis-> | H1: Gantry flex | I1: =Analysis!P2 -> Coll-Gantry-misalign | J1: MLC offset | K1: Table wobble
C2: Gantry Isocenter | D2: Gantry Isocenter | E2: Gantry Isocenter | F2: Gantry Isocenter | G2: Gantry Isocenter | I2: Gantry | K2: diameter
C3: X (mm) | D3: Y (mm) | E3: Z (mm) | F3: X (mm) | G3: Z (mm) | H3: (mm) | I3: (mm) | J3: (mm) | K3: (mm)
A4: =Data!B1 -> Data Date: NA | B4: TB3 | C4: =Analysis!V3-Analysis!V$4 -> #DIV/0! | D4: =Analysis!W3-Analysis!W$4 -> #DIV/0! | E4: =Analysis!X3-Analysis!X$4 -> #DIV/0! | F4: =Analysis!V5-Analysis!V$4 -> #DIV/0! | G4: =Analysis!X5-Analysis!X$4 -> #DIV/0! | H4: =Analysis!O3 | I4: =Analysis!P3 -> #DIV/0! | J4: =Analysis!T1 | K4: =2*SQRT(Analysis!R12) -> 0

Sheet Instructions
C2: Insert Data:
D3: 1 | E3: Use Data worksheet
D4: 2 | E4: use QASRSWL patient; take CBCT and make shifts. After initial CBCT take a second CBCT
D5: 3 | E5: Shoot MV images in the order shown on the DATA worksheet
D6: 4 | E6: Find the centroid of the radiation target ball in the contouring spreadsheet.
E7: 4a | F7: Make a high resolution structure
E8: 4b | F8: Set the "apply area" around the ball pretty tight
E9: 4c | F9: Use thresholding contouring; for cermaic ball use threshold of 1000-7000, for tungsten ball use 6000-7000 threshold
E10: 4d | F10: Use centroid report tool in eclipse to find center of ball and origin of acquired image; Make sure to use the correct image, the tool will usually report the data from the first CBCT, and you want data from the last (probably)
D11: 5 | E11: Find center of ball in second CBCT (after move) and insert ball centroid and origin in A23-C24
D12: 6 | E12: Copy the data from A1-Y17 area, the order of table, gantry and collimator must be maintained
D13: 8 | E13: In Analysis worksheet go to the data menu in excel and select solver. If Solver is not installed, install it. Press the solve button.
D14: 9 | E14: In the Collimator worksheet go to the data menu in excel and select solver. Press the solve button.
D15: 10 | E15: If everything has gone well the report worksheet should contain the results of the analysis
D16: 11 | E16: Go to the first sheet, labelled "SNCImport", save it as a CSV, and upload it into SunCHECK
