Workbook

Sheet SNCImport
B2: CBCT - Gantry Iso X (mm) | C2: =Analysis!V3-Analysis!V$4 -> -0.33
B3: CBCT - Gantry Iso Y (mm) | C3: =Analysis!W3-Analysis!W$4 -> 0.065
B4: CBCT - Gantry Iso Z (mm) | C4: =Analysis!X3-Analysis!X$4 -> -0.06625
B5: Table - Gantry Iso X (mm) | C5: =Analysis!V5-Analysis!V$4 -> 0.016225595
B6: Table - Gantry Iso Z (mm) | C6: =Analysis!X5-Analysis!X$4 -> 0.26860214
B7: Gantry Flex (mm) | C7: =Analysis!O3 -> 0.49
B8: Col-Gantry misalignment (mm) | C8: =Analysis!P3 -> 0.0575
B9: MLC offset (mm) | C9: =Analysis!T1 -> -0.2525
B10: Table Isocentricity (mm) | C10: =SQRT(Analysis!R12) -> 0.21430372
B11: Gantry Isocentricity (mm) | C11: =Analysis!O8 -> 0.25932605
B12: Collimator Isocentricity (mm) | C12: =Collimator!L2 -> 0.15305244

Sheet Data
A1: Winston-Lutz Field Data | B1: Data Date: 2024-10-15 17:47:43 | C1: Analysis Date: 2024-10-15 17:55:17
A2: machine id | B2: field name | C2: status | D2: table yaw | E2: gantry angle | F2: coll angle | G2: X offset corrected box-ball | H2: Y offset corrected box-ball | I2: XY offset corrected | J2: X box center corrected | K2: Y box center corrected | L2: X tongue and groove correction | M2: Y tongue and groove correction | N2: X ball center | O2: Y ball center | P2: box left uncorrected | Q2: box right uncorrected | R2: box top uncorrected | S2: box bottom uncorrected | T2: X box center uncorrected | U2: Y box center uncorrected | V2: Patient ID | W2: Patient Name | X2: Instance (slice) UID | Y2: Series UID
A3: TB5 | B3: G180 C000 0:00 | C3: Passed | D3: 359.95898 | E3: 179.99668 | F3: 359.99977 | G3: -0.1876854 | H3: 0.10910533 | I3: 0.21709395 | J3: 15.512875 | K3: 15.217222 | L3: 0 | M3: 0 | N3: 15.70056 | O3: 15.108117 | P3: 5.5078552 | Q3: 25.517895 | R3: 5.5569124 | S3: 24.877532 | T3: 15.512875 | U3: 15.217222 | V3: QASRSWL2 | W3: $QASRS-TX5^Winston-Lutz | X3: 1.2.246.352.62.1.5501163403191641537.5185906158874397588 | Y3: 1.2.246.352.62.2.5591855550814472668.16651016134416038585
A4: TB5 | B4: G180 C090 0:21 | C4: Passed | D4: 359.95898 | E4: 179.99668 | F4: 89.999946 | G4: -0.35029785 | H4: 0.049797898 | I4: 0.35381975 | J4: 15.146842 | K4: 15.622399 | L4: 0 | M4: 0 | N4: 15.49714 | O4: 15.572601 | P4: 5.491463 | Q4: 24.802222 | R4: 5.6150572 | S4: 25.629741 | T4: 15.146842 | U4: 15.622399 | V4: QASRSWL2 | W4: $QASRS-TX5^Winston-Lutz | X4: 1.2.246.352.62.1.5022932505202810736.18176117736826310311 | Y4: 1.2.246.352.62.2.5591855550814472668.16651016134416038585
A5: TB5 | B5: G090 C090 0:46 | C5: Passed | D5: 359.95898 | E5: 90.061408 | F5: 89.999964 | G5: -0.095365028 | H5: -0.19835043 | I5: 0.22008494 | J5: 15.167889 | K5: 15.682631 | L5: 0 | M5: 0 | N5: 15.263254 | O5: 15.880982 | P5: 5.546451 | Q5: 24.789327 | R5: 5.6762537 | S5: 25.689009 | T5: 15.167889 | U5: 15.682631 | V5: QASRSWL2 | W5: $QASRS-TX5^Winston-Lutz | X5: 1.2.246.352.62.1.5215168229937650413.11559825400615409804 | Y5: 1.2.246.352.62.2.5591855550814472668.16651016134416038585
A6: TB5 | B6: G000 C090 1:11 | C6: Passed | D6: 359.95898 | E6: 359.96017 | F6: 89.999884 | G6: 0.38258601 | H6: -0.43706776 | I6: 0.58086168 | J6: 15.215031 | K6: 15.596116 | L6: 0 | M6: 0 | N6: 14.832445 | O6: 16.033184 | P6: 5.5925304 | Q6: 24.837531 | R6: 5.5835585 | S6: 25.608673 | T6: 15.215031 | U6: 15.596116 | V6: QASRSWL2 | W6: $QASRS-TX5^Winston-Lutz | X6: 1.2.246.352.62.1.5122434876230622122.12908282298789640859 | Y6: 1.2.246.352.62.2.5591855550814472668.16651016134416038585
A7: TB5 | B7: G270 C090 1:35 | C7: Passed | D7: 359.95898 | E7: 269.93859 | F7: 89.999813 | G7: 0.025618068 | H7: -0.17734869 | I7: 0.17918941 | J7: 15.115544 | K7: 15.557016 | L7: 0 | M7: 0 | N7: 15.089926 | O7: 15.734364 | P7: 5.4859112 | Q7: 24.745176 | R7: 5.5600272 | S7: 25.554004 | T7: 15.115544 | U7: 15.557016 | V7: QASRSWL2 | W7: $QASRS-TX5^Winston-Lutz | X7: 1.2.246.352.62.1.5151400910807266628.984014451812874905 | Y7: 1.2.246.352.62.2.5591855550814472668.16651016134416038585
A8: TB5 | B8: G270 C270 1:56 | C8: Passed | D8: 359.95898 | E8: 269.9917 | F8: 270.00007 | G8: 0.17823995 | H8: 0.1048917 | I8: 0.20681332 | J8: 15.275462 | K8: 15.603397 | L8: 0 | M8: 0 | N8: 15.097222 | O8: 15.498506 | P8: 5.6414135 | Q8: 24.90951 | R8: 5.6130949 | S8: 25.5937 | T8: 15.275462 | U8: 15.603397 | V8: QASRSWL2 | W8: $QASRS-TX5^Winston-Lutz | X8: 1.2.246.352.62.1.5594146986960155985.3615940627330091690 | Y8: 1.2.246.352.62.2.5591855550814472668.16651016134416038585
A9: TB5 | B9: G000 C270 2:28 | C9: Passed | D9: 359.95898 | E9: 360 | F9: 270.00008 | G9: 0.43473287 | H9: -0.19503638 | I9: 0.4764786 | J9: 15.283118 | K9: 15.626289 | L9: 0 | M9: 0 | N9: 14.848385 | O9: 15.821325 | P9: 5.6499494 | Q9: 24.916287 | R9: 5.6284741 | S9: 25.624103 | T9: 15.283118 | U9: 15.626289 | V9: QASRSWL2 | W9: $QASRS-TX5^Winston-Lutz | X9: 1.2.246.352.62.1.4653000383632170084.12792974839094954936 | Y9: 1.2.246.352.62.2.5591855550814472668.16651016134416038585
A10: TB5 | B10: G090 C270 2:58 | C10: Passed | D10: 359.95898 | E10: 90.034853 | F10: 270.00008 | G10: 0.047338877 | H10: 0.051362851 | I10: 0.069850639 | J10: 15.078365 | K10: 15.446225 | L10: 0 | M10: 0 | N10: 15.031026 | O10: 15.394862 | P10: 5.4464528 | Q10: 24.710277 | R10: 5.4657926 | S10: 25.426658 | T10: 15.078365 | U10: 15.446225 | V10: QASRSWL2 | W10: $QASRS-TX5^Winston-Lutz | X10: 1.2.246.352.62.1.5466850920194951903.16537438642280104085 | Y10: 1.2.246.352.62.2.5591855550814472668.16651016134416038585
A11: TB5 | B11: G180 C270 3:24 | C11: Passed | D11: 359.95898 | E11: 180.00332 | F11: 270.00008 | G11: -0.16097999 | H11: 0.29329839 | I11: 0.33457212 | J11: 15.073613 | K11: 15.617133 | L11: 0 | M11: 0 | N11: 15.234593 | O11: 15.323834 | P11: 5.4458894 | Q11: 24.701337 | R11: 5.6323042 | S11: 25.601961 | T11: 15.073613 | U11: 15.617133 | V11: QASRSWL2 | W11: $QASRS-TX5^Winston-Lutz | X11: 1.2.246.352.62.1.5479858720157641572.17315255651440607106 | Y11: 1.2.246.352.62.2.5591855550814472668.16651016134416038585
A12: TB5 | B12: G180 C270 4:15 | C12: Passed | D12: 89.957031 | E12: 180.00332 | F12: 270.00008 | G12: 0.46812729 | H12: 0.21745638 | I12: 0.51616901 | J12: 15.071181 | K12: 15.614593 | L12: 0 | M12: 0 | N12: 14.603053 | O12: 15.397136 | P12: 5.4443105 | Q12: 24.698051 | R12: 5.6316863 | S12: 25.597499 | T12: 15.071181 | U12: 15.614593 | V12: QASRSWL2 | W12: $QASRS-TX5^Winston-Lutz | X12: 1.2.246.352.62.1.4796884726310680617.10944648517499340976 | Y12: 1.2.246.352.62.2.5591855550814472668.16651016134416038585
A13: TB5 | B13: G180 C270 4:46 | C13: Passed | D13: 59.958984 | E13: 180.00332 | F13: 270.00008 | G13: 0.51955933 | H13: 0.34931786 | I13: 0.62607097 | J13: 15.065355 | K13: 15.625489 | L13: 0 | M13: 0 | N13: 14.545796 | O13: 15.276171 | P13: 5.4318987 | Q13: 24.698812 | R13: 5.6430017 | S13: 25.607977 | T13: 15.065355 | U13: 15.625489 | V13: QASRSWL2 | W13: $QASRS-TX5^Winston-Lutz | X13: 1.2.246.352.62.1.5567567661898746564.1679050013640922288 | Y13: 1.2.246.352.62.2.5591855550814472668.16651016134416038585
A14: TB5 | B14: G180 C270 5:07 | C14: Passed | D14: 29.953125 | E14: 180.00332 | F14: 270.00008 | G14: 0.34582174 | H14: 0.35825171 | I14: 0.49793269 | J14: 15.067856 | K14: 15.631324 | L14: 0 | M14: 0 | N14: 14.722035 | O14: 15.273072 | P14: 5.4386686 | Q14: 24.697044 | R14: 5.641497 | S14: 25.62115 | T14: 15.067856 | U14: 15.631324 | V14: QASRSWL2 | W14: $QASRS-TX5^Winston-Lutz | X14: 1.2.246.352.62.1.5132644864718072394.9831637297503514016 | Y14: 1.2.246.352.62.2.5591855550814472668.16651016134416038585
... A17: TB5 | B17: G180 C270 6:26 | C17: Passed | D17: 269.95898 | E17: 180.00332 | F17: 270.00008 | G17: -0.36300599 | H17: 0.74012558 | I17: 0.82435382 | J17: 15.295246 | K17: 15.615539 | L17: 0 | M17: 0 | N17: 15.658252 | O17: 14.875414 | P17: 5.669009 | Q17: 24.921482 | R17: 5.6310786 | S17: 25.6 | T17: 15.295246 | U17: 15.615539 | V17: QASRSWL2 | W17: $QASRS-TX5^Winston-Lutz | X17: 1.2.246.352.62.1.5744035648799867708.5834260051927852479 | Y17: 1.2.246.352.62.2.5591855550814472668.16651016134416038585
A19: ballCBCT
A20: x (mm) | B20: y (mm) | C20: z (mm)
A21: =10*(A24-A23) -> 0 | B21: =10*(B24-B23) -> 0 | C21: =10*(C24-C23) -> 0
A23: 0 | B23: 0 | C23: 0 | D23: AcqIsocenter
A24: 0 | B24: 0 | C24: 0 | D24: Ball

Sheet Preprocess
A1: =Data!A1 -> Winston-Lutz Field Data | B1: =Data!B1 -> Data Date: 2024-10-15 17:47:43 | C1: =Data!C1 -> Analysis Date: 2024-10-15 17:55:17
A2: =Data!A2 -> machine id | B2: =Data!B2 -> field name | C2: =Data!C2 -> status | D2: =Data!E2 -> gantry angle | E2: =Data!F2 -> coll angle | F2: =Data!D2 -> table yaw | G2: =Data!G2 -> X offset corrected box-ball | H2: =Data!H2 -> Y offset corrected box-ball | I2: =Data!I2 -> XY offset corrected | J2: =Data!J2 -> X box center corrected | K2: =Data!K2 -> Y box center corrected | L2: =Data!L2 -> X tongue and groove correction | M2: =Data!M2 -> Y tongue and groove correction | N2: =Data!N2 -> X ball center | ... V2: =Data!V2 -> Patient ID
A3: =Data!A3 -> TB5 | B3: =Data!B3 -> G180 C000 0:00 | C3: =Data!C3 -> Passed | D3: =IF(ROUND(Data!E3,0)=360,0,ROUND(Data!E3,0)) -> 180 | E3: =IF(ROUND(Data!F3,0)=360,0,ROUND(Data!F3,0)) -> 0 | F3: =IF(ROUND(Data!D3,0)=0,0,ROUND(360-Data!D3,0)) -> 0 | G3: =ROUND(Data!G3,2) -> -0.19 | H3: =ROUND(Data!H3,2) -> 0.11 | I3: =ROUND(Data!I3,2) -> 0.22 | J3: =ROUND(Data!J3,2) -> 15.51 | K3: =ROUND(Data!K3,2) -> 15.22 | L3: =ROUND(Data!L3,2) -> 0 | M3: =ROUND(Data!M3,2) -> 0 | N3: =ROUND(Data!N3,2) -> 15.7 | ... U3: =ROUND(Data!U3,2) -> 15.22 | V3: =Data!V3 -> QASRSWL2
A4: =Data!A4 -> TB5 | B4: =Data!B4 -> G180 C090 0:21 | C4: =Data!C4 -> Passed | D4: =IF(ROUND(Data!E4,0)=360,0,ROUND(Data!E4,0)) -> 180 | E4: =IF(ROUND(Data!F4,0)=360,0,ROUND(Data!F4,0)) -> 90 | F4: =IF(ROUND(Data!D4,0)=0,0,ROUND(360-Data!D4,0)) -> 0 | G4: =ROUND(Data!G4,2) -> -0.35 | H4: =ROUND(Data!H4,2) -> 0.05 | I4: =ROUND(Data!I4,2) -> 0.35 | J4: =ROUND(Data!J4,2) -> 15.15 | K4: =ROUND(Data!K4,2) -> 15.62 | L4: =ROUND(Data!L4,2) -> 0 | M4: =ROUND(Data!M4,2) -> 0 | N4: =ROUND(Data!N4,2) -> 15.5 | ... U4: =ROUND(Data!U4,2) -> 15.62 | V4: =Data!V4 -> QASRSWL2
A5: =Data!A5 -> TB5 | B5: =Data!B5 -> G090 C090 0:46 | C5: =Data!C5 -> Passed | D5: =IF(ROUND(Data!E5,0)=360,0,ROUND(Data!E5,0)) -> 90 | E5: =IF(ROUND(Data!F5,0)=360,0,ROUND(Data!F5,0)) -> 90 | F5: =IF(ROUND(Data!D5,0)=0,0,ROUND(360-Data!D5,0)) -> 0 | G5: =ROUND(Data!G5,2) -> -0.1 | H5: =ROUND(Data!H5,2) -> -0.2 | I5: =ROUND(Data!I5,2) -> 0.22 | J5: =ROUND(Data!J5,2) -> 15.17 | K5: =ROUND(Data!K5,2) -> 15.68 | L5: =ROUND(Data!L5,2) -> 0 | M5: =ROUND(Data!M5,2) -> 0 | N5: =ROUND(Data!N5,2) -> 15.26 | ... U5: =ROUND(Data!U5,2) -> 15.68 | V5: =Data!V5 -> QASRSWL2
A6: =Data!A6 -> TB5 | B6: =Data!B6 -> G000 C090 1:11 | C6: =Data!C6 -> Passed | D6: =IF(ROUND(Data!E6,0)=360,0,ROUND(Data!E6,0)) -> 0 | E6: =IF(ROUND(Data!F6,0)=360,0,ROUND(Data!F6,0)) -> 90 | F6: =IF(ROUND(Data!D6,0)=0,0,ROUND(360-Data!D6,0)) -> 0 | G6: =ROUND(Data!G6,2) -> 0.38 | H6: =ROUND(Data!H6,2) -> -0.44 | I6: =ROUND(Data!I6,2) -> 0.58 | J6: =ROUND(Data!J6,2) -> 15.22 | K6: =ROUND(Data!K6,2) -> 15.6 | L6: =ROUND(Data!L6,2) -> 0 | M6: =ROUND(Data!M6,2) -> 0 | N6: =ROUND(Data!N6,2) -> 14.83 | ... U6: =ROUND(Data!U6,2) -> 15.6 | V6: =Data!V6 -> QASRSWL2
A7: =Data!A7 -> TB5 | B7: =Data!B7 -> G270 C090 1:35 | C7: =Data!C7 -> Passed | D7: =IF(ROUND(Data!E7,0)=360,0,ROUND(Data!E7,0)) -> 270 | E7: =IF(ROUND(Data!F7,0)=360,0,ROUND(Data!F7,0)) -> 90 | F7: =IF(ROUND(Data!D7,0)=0,0,ROUND(360-Data!D7,0)) -> 0 | G7: =ROUND(Data!G7,2) -> 0.03 | H7: =ROUND(Data!H7,2) -> -0.18 | I7: =ROUND(Data!I7,2) -> 0.18 | J7: =ROUND(Data!J7,2) -> 15.12 | K7: =ROUND(Data!K7,2) -> 15.56 | L7: =ROUND(Data!L7,2) -> 0 | M7: =ROUND(Data!M7,2) -> 0 | N7: =ROUND(Data!N7,2) -> 15.09 | ... U7: =ROUND(Data!U7,2) -> 15.56 | V7: =Data!V7 -> QASRSWL2
A8: =Data!A8 -> TB5 | B8: =Data!B8 -> G270 C270 1:56 | C8: =Data!C8 -> Passed | D8: =IF(ROUND(Data!E8,0)=360,0,ROUND(Data!E8,0)) -> 270 | E8: =IF(ROUND(Data!F8,0)=360,0,ROUND(Data!F8,0)) -> 270 | F8: =IF(ROUND(Data!D8,0)=0,0,ROUND(360-Data!D8,0)) -> 0 | G8: =ROUND(Data!G8,2) -> 0.18 | H8: =ROUND(Data!H8,2) -> 0.1 | I8: =ROUND(Data!I8,2) -> 0.21 | J8: =ROUND(Data!J8,2) -> 15.28 | K8: =ROUND(Data!K8,2) -> 15.6 | L8: =ROUND(Data!L8,2) -> 0 | M8: =ROUND(Data!M8,2) -> 0 | N8: =ROUND(Data!N8,2) -> 15.1 | ... U8: =ROUND(Data!U8,2) -> 15.6 | V8: =Data!V8 -> QASRSWL2
A9: =Data!A9 -> TB5 | B9: =Data!B9 -> G000 C270 2:28 | C9: =Data!C9 -> Passed | D9: =IF(ROUND(Data!E9,0)=360,0,ROUND(Data!E9,0)) -> 0 | E9: =IF(ROUND(Data!F9,0)=360,0,ROUND(Data!F9,0)) -> 270 | F9: =IF(ROUND(Data!D9,0)=0,0,ROUND(360-Data!D9,0)) -> 0 | G9: =ROUND(Data!G9,2) -> 0.43 | H9: =ROUND(Data!H9,2) -> -0.2 | I9: =ROUND(Data!I9,2) -> 0.48 | J9: =ROUND(Data!J9,2) -> 15.28 | K9: =ROUND(Data!K9,2) -> 15.63 | L9: =ROUND(Data!L9,2) -> 0 | M9: =ROUND(Data!M9,2) -> 0 | N9: =ROUND(Data!N9,2) -> 14.85 | ... U9: =ROUND(Data!U9,2) -> 15.63 | V9: =Data!V9 -> QASRSWL2
A10: =Data!A10 -> TB5 | B10: =Data!B10 -> G090 C270 2:58 | C10: =Data!C10 -> Passed | D10: =IF(ROUND(Data!E10,0)=360,0,ROUND(Data!E10,0)) -> 90 | E10: =IF(ROUND(Data!F10,0)=360,0,ROUND(Data!F10,0)) -> 270 | F10: =IF(ROUND(Data!D10,0)=0,0,ROUND(360-Data!D10,0)) -> 0 | G10: =ROUND(Data!G10,2) -> 0.05 | H10: =ROUND(Data!H10,2) -> 0.05 | I10: =ROUND(Data!I10,2) -> 0.07 | J10: =ROUND(Data!J10,2) -> 15.08 | K10: =ROUND(Data!K10,2) -> 15.45 | L10: =ROUND(Data!L10,2) -> 0 | M10: =ROUND(Data!M10,2) -> 0 | N10: =ROUND(Data!N10,2) -> 15.03 | ... U10: =ROUND(Data!U10,2) -> 15.45 | V10: =Data!V10 -> QASRSWL2
A11: =Data!A11 -> TB5 | B11: =Data!B11 -> G180 C270 3:24 | C11: =Data!C11 -> Passed | D11: =IF(ROUND(Data!E11,0)=360,0,ROUND(Data!E11,0)) -> 180 | E11: =IF(ROUND(Data!F11,0)=360,0,ROUND(Data!F11,0)) -> 270 | F11: =IF(ROUND(Data!D11,0)=0,0,ROUND(360-Data!D11,0)) -> 0 | G11: =ROUND(Data!G11,2) -> -0.16 | H11: =ROUND(Data!H11,2) -> 0.29 | I11: =ROUND(Data!I11,2) -> 0.33 | J11: =ROUND(Data!J11,2) -> 15.07 | K11: =ROUND(Data!K11,2) -> 15.62 | L11: =ROUND(Data!L11,2) -> 0 | M11: =ROUND(Data!M11,2) -> 0 | N11: =ROUND(Data!N11,2) -> 15.23 | ... U11: =ROUND(Data!U11,2) -> 15.62 | V11: =Data!V11 -> QASRSWL2
A12: =Data!A12 -> TB5 | B12: =Data!B12 -> G180 C270 4:15 | C12: =Data!C12 -> Passed | D12: =IF(ROUND(Data!E12,0)=360,0,ROUND(Data!E12,0)) -> 180 | E12: =IF(ROUND(Data!F12,0)=360,0,ROUND(Data!F12,0)) -> 270 | F12: =IF(ROUND(Data!D12,0)=0,0,ROUND(360-Data!D12,0)) -> 270 | G12: =ROUND(Data!G12,2) -> 0.47 | H12: =ROUND(Data!H12,2) -> 0.22 | I12: =ROUND(Data!I12,2) -> 0.52 | J12: =ROUND(Data!J12,2) -> 15.07 | K12: =ROUND(Data!K12,2) -> 15.61 | L12: =ROUND(Data!L12,2) -> 0 | M12: =ROUND(Data!M12,2) -> 0 | N12: =ROUND(Data!N12,2) -> 14.6 | ... U12: =ROUND(Data!U12,2) -> 15.61 | V12: =Data!V12 -> QASRSWL2
A13: =Data!A13 -> TB5 | B13: =Data!B13 -> G180 C270 4:46 | C13: =Data!C13 -> Passed | D13: =IF(ROUND(Data!E13,0)=360,0,ROUND(Data!E13,0)) -> 180 | E13: =IF(ROUND(Data!F13,0)=360,0,ROUND(Data!F13,0)) -> 270 | F13: =IF(ROUND(Data!D13,0)=0,0,ROUND(360-Data!D13,0)) -> 300 | G13: =ROUND(Data!G13,2) -> 0.52 | H13: =ROUND(Data!H13,2) -> 0.35 | I13: =ROUND(Data!I13,2) -> 0.63 | J13: =ROUND(Data!J13,2) -> 15.07 | K13: =ROUND(Data!K13,2) -> 15.63 | L13: =ROUND(Data!L13,2) -> 0 | M13: =ROUND(Data!M13,2) -> 0 | N13: =ROUND(Data!N13,2) -> 14.55 | ... U13: =ROUND(Data!U13,2) -> 15.63 | V13: =Data!V13 -> QASRSWL2
A14: =Data!A14 -> TB5 | B14: =Data!B14 -> G180 C270 5:07 | C14: =Data!C14 -> Passed | D14: =IF(ROUND(Data!E14,0)=360,0,ROUND(Data!E14,0)) -> 180 | E14: =IF(ROUND(Data!F14,0)=360,0,ROUND(Data!F14,0)) -> 270 | F14: =IF(ROUND(Data!D14,0)=0,0,ROUND(360-Data!D14,0)) -> 330 | G14: =ROUND(Data!G14,2) -> 0.35 | H14: =ROUND(Data!H14,2) -> 0.36 | I14: =ROUND(Data!I14,2) -> 0.5 | J14: =ROUND(Data!J14,2) -> 15.07 | K14: =ROUND(Data!K14,2) -> 15.63 | L14: =ROUND(Data!L14,2) -> 0 | M14: =ROUND(Data!M14,2) -> 0 | N14: =ROUND(Data!N14,2) -> 14.72 | ... U14: =ROUND(Data!U14,2) -> 15.63 | V14: =Data!V14 -> QASRSWL2
... A17: =Data!A17 -> TB5 | B17: =Data!B17 -> G180 C270 6:26 | C17: =Data!C17 -> Passed | D17: =IF(ROUND(Data!E17,0)=360,0,ROUND(Data!E17,0)) -> 180 | E17: =IF(ROUND(Data!F17,0)=360,0,ROUND(Data!F17,0)) -> 270 | F17: =IF(ROUND(Data!D17,0)=0,0,ROUND(360-Data!D17,0)) -> 90 | G17: =ROUND(Data!G17,2) -> -0.36 | H17: =ROUND(Data!H17,2) -> 0.74 | I17: =ROUND(Data!I17,2) -> 0.82 | J17: =ROUND(Data!J17,2) -> 15.3 | K17: =ROUND(Data!K17,2) -> 15.62 | L17: =ROUND(Data!L17,2) -> 0 | M17: =ROUND(Data!M17,2) -> 0 | N17: =ROUND(Data!N17,2) -> 15.66 | ... U17: =ROUND(Data!U17,2) -> 15.62 | V17: =Data!V17 -> QASRSWL2
A19: Sorted | D19: gantry angle | E19: coll angle | F19: table yaw | G19: X offset corrected box-ball | H19: Y offset corrected box-ball
D20: {=_xlfn.SORTBY(D3:H17,F3:F17,1,D3:D17,1,E3:E17,1)} -> 0 | E20: 90 | F20: 0 | G20: 0.38 | H20: -0.44
D21: 0 | E21: 270 | F21: 0 | G21: 0.43 | H21: -0.2
D22: 90 | E22: 90 | F22: 0 | G22: -0.1 | H22: -0.2
D23: 90 | E23: 270 | F23: 0 | G23: 0.05 | H23: 0.05
D24: 180 | E24: 0 | F24: 0 | G24: -0.19 | H24: 0.11
D25: 180 | E25: 90 | F25: 0 | G25: -0.35 | H25: 0.05
D26: 180 | E26: 270 | F26: 0 | G26: -0.16 | H26: 0.29
D27: 270 | E27: 90 | F27: 0 | G27: 0.03 | H27: -0.18
D28: 270 | E28: 270 | F28: 0 | G28: 0.18 | H28: 0.1
D29: 180 | E29: 270 | F29: 30 | G29: -0.36 | H29: 0.47
D30: 180 | E30: 270 | F30: 60 | G30: -0.25 | H30: 0.57
D31: 180 | E31: 270 | F31: 90 | G31: -0.36 | H31: 0.74
D32: 180 | E32: 270 | F32: 270 | G32: 0.47 | H32: 0.22
... D34: 180 | E34: 270 | F34: 330 | G34: 0.35 | H34: 0.36

Sheet Analysis
A1: Gantry | S1: MLC offset | T1: =IF(OR(I3="",I8="",J5="",J10="",K3="",K5="",K8="",K10=""),"",T2) -> -0.2525
A2: Gantry angle | B2: Collimator angle | C2: Table angle | D2: X offset corrected box-ball | E2: Y offset corrected box-ball | F2: CA-X | G2: CA-Y | H2: CA-Z | I2: Coll-X | J2: Coll-Y | K2: Coll-Z | L2: ISO-X | M2: ISO-Y | N2: ISO-Z | O2: Gantry flex | P2: Coll-Gantry-misalign | Q2: MLC-dx | R2: MLC-dy | S2: =S3-S4 -> -0.135 | T2: =T3-T4 -> -0.2525 | V2: X (mm) | W2: Y (mm) | X2: Z (mm)
A3: =Preprocess!D20 -> 0 | B3: =Preprocess!E20 -> 90 | C3: 0 | D3: =IF(AND($A3=0,$B3=90,$C3=0),Preprocess!G20,"") -> 0.38 | E3: =IF(AND($A3=0,$B3=90,$C3=0),Preprocess!H20,"") -> -0.44 | F3: =IF(D3="","",D3) -> 0.38 | H3: =IF(E3="","",-E3) -> 0.44 | I3: =IF(OR(F3="",F4=""),"",0.5*(F3+F4)) -> 0.405 | K3: =IF(OR(H3="",H4=""),"",0.5*(H3+H4)) -> 0.32 | L3: =AVERAGE(I3:I10) -> 0.33 | M3: =AVERAGE(J3:J10) -> -0.065 | N3: =AVERAGE(K3:K10) -> 0.06625 | O3: =IF(OR(K3="",K8=""),"",K3-K8) -> 0.49 | P3: =IF(OR(I3="",L3="",J5="",M3="",I8="",J10=""),"",AVERAGE(I3-L3,J5-M3,L3-I8,M3-J10)) -> 0.0575 | Q3: =F3-I$3 -> -0.025 | R3: =-(H3-K$3) -> -0.12 | S3: =AVERAGE(Q3,Q5,Q8,Q10) -> -0.0675 | T3: =AVERAGE(R3,R5,R8,R10) -> -0.12625 | U3: CBCT origin relative to BB at table zero | V3: =Analysis!A27 -> 0 | W3: =Analysis!B27 -> 0 | X3: =Analysis!C27 -> 0
A4: =Preprocess!D21 -> 0 | B4: =Preprocess!E21 -> 270 | C4: =Preprocess!F21 -> 0 | D4: =IF(AND($A4=0,$B4=270,$C4=0),Preprocess!G21,"") -> 0.43 | E4: =IF(AND($A4=0,$B4=270,$C4=0),Preprocess!H21,"") -> -0.2 | F4: =IF(D4="","",D4) -> 0.43 | H4: =IF(E4="","",-E4) -> 0.2 | Q4: =F4-I$3 -> 0.025 | R4: =-(H4-K$3) -> 0.12 | S4: =AVERAGE(Q4,Q6,Q9,Q11) -> 0.0675 | T4: =AVERAGE(R4,R6,R9,R11) -> 0.12625 | U4: Gantry isocenter relative to BB at table zero | V4: =Analysis!L3 -> 0.33 | W4: =Analysis!M3 -> -0.065 | X4: =Analysis!N3 -> 0.06625
A5: =Preprocess!D22 -> 90 | B5: =Preprocess!E22 -> 90 | C5: =Preprocess!F22 -> 0 | D5: =IF(AND($A5=90,$B5=90,$C5=0),Preprocess!G22,"") -> -0.1 | E5: =IF(AND($A5=90,$B5=90,$C5=0),Preprocess!H22,"") -> -0.2 | G5: =IF(D5="","",D5) -> -0.1 | H5: =IF(E5="","",-E5) -> 0.2 | J5: =IF(OR(G5="",G6=""),"",0.5*(G5+G6)) -> -0.025 | K5: =IF(OR(H5="",H6=""),"",0.5*(H5+H6)) -> 0.075 | Q5: =G5-J$5 -> -0.075 | R5: =-(H5-K$5) -> -0.125 | U5: Table axis relative to BB at table zero | V5: =Analysis!N14 -> 0.3462256 | X5: =Analysis!O14 -> 0.33485214
A6: =Preprocess!D23 -> 90 | B6: =Preprocess!E23 -> 270 | C6: =Preprocess!F23 -> 0 | D6: =IF(AND($A6=90,$B6=270,$C6=0),Preprocess!G23,"") -> 0.05 | E6: =IF(AND($A6=90,$B6=270,$C6=0),Preprocess!H23,"") -> 0.05 | G6: =IF(D6="","",D6) -> 0.05 | H6: =IF(E6="","",-E6) -> -0.05 | M6: ΔX | N6: ΔY | O6: ΔZ | Q6: =G6-J$5 -> 0.075 | R6: =-(H6-K$5) -> 0.125
A7: =Preprocess!D24 -> 180 | B7: =Preprocess!E24 -> 0 | C7: =Preprocess!F24 -> 0 | D7: =IF(AND($A7=180,$B7=0,$C7=0),Preprocess!G24,"") -> -0.19 | E7: =IF(AND($A7=180,$B7=0,$C7=0),Preprocess!H24,"") -> 0.11 | F7: =IF(D7="","",-D7) -> 0.19 | H7: =IF(E7="","",-E7) -> -0.11 | M7: =MAX(I3:I11)-MIN(I3:I11) -> 0.15 | N7: =MAX(J3:J11)-MIN(J3:J11) -> 0.08 | O7: =MAX(K3:K11)-MIN(K3:K11) -> 0.49 | Q7: =-(F7-I$8) -> 0.065 | R7: =-(H7-K$8) -> -0.06
A8: =Preprocess!D25 -> 180 | B8: =Preprocess!E25 -> 90 | C8: =Preprocess!F25 -> 0 | D8: =IF(AND($A8=180,$B8=90,$C8=0),Preprocess!G25,"") -> -0.35 | E8: =IF(AND($A8=180,$B8=90,$C8=0),Preprocess!H25,"") -> 0.05 | F8: =IF(D8="","",-D8) -> 0.35 | H8: =IF(E8="","",-E8) -> -0.05 | I8: =IF(OR(F8="",F9=""),"",0.5*(F8+F9)) -> 0.255 | K8: =IF(OR(H8="",H9=""),"",0.5*(H8+H9)) -> -0.17 | O8: =SQRT((M7)^2+(N7)^2+(O7)^2)/2 -> 0.25932605 | P8: Gantry Isocentricity | Q8: =-(F8-I$8) -> -0.095 | R8: =-(H8-K$8) -> -0.12
A9: =Preprocess!D26 -> 180 | B9: =Preprocess!E26 -> 270 | C9: =Preprocess!F26 -> 0 | D9: =IF(AND($A9=180,$B9=270,$C9=0),Preprocess!G26,"") -> -0.16 | E9: =IF(AND($A9=180,$B9=270,$C9=0),Preprocess!H26,"") -> 0.29 | F9: =IF(D9="","",-D9) -> 0.16 | H9: =IF(E9="","",-E9) -> -0.29 | Q9: =-(F9-I$8) -> 0.095 | R9: =-(H9-K$8) -> 0.12
A10: =Preprocess!D27 -> 270 | B10: =Preprocess!E27 -> 90 | C10: =Preprocess!F27 -> 0 | D10: =IF(AND($A10=270,$B10=90,$C10=0),Preprocess!G27,"") -> 0.03 | E10: =IF(AND($A10=270,$B10=90,$C10=0),Preprocess!H27,"") -> -0.18 | G10: =IF(D10="","",-D10) -> -0.03 | H10: =IF(E10="","",-E10) -> 0.18 | J10: =IF(OR(G10="",G11=""),"",0.5*(G10+G11)) -> -0.105 | K10: =IF(OR(H10="",H11=""),"",0.5*(H10+H11)) -> 0.04 | Q10: =-(G10-J$10) -> -0.075 | R10: =-(H10-K$10) -> -0.14
A11: =Preprocess!D28 -> 270 | B11: =Preprocess!E28 -> 270 | C11: =Preprocess!F28 -> 0 | D11: =IF(AND($A11=270,$B11=270,$C11=0),Preprocess!G28,"") -> 0.18 | E11: =IF(AND($A11=270,$B11=270,$C11=0),Preprocess!H28,"") -> 0.1 | G11: =IF(D11="","",-D11) -> -0.18 | H11: =IF(E11="","",-E11) -> -0.1 | Q11: =-(G11-J$10) -> 0.075 | R11: =-(H11-K$10) -> 0.14
K12: =MAX(MAX(J14:J19)-MIN(J14:J19),MAX(K14:K19)-MIN(K14:K19)) -> 0.32735544 | O12: Max square of BB displacement | Q12: -> | R12: =MAX(R14:R20) -> 0.045926084 | S12: Solve for smallest max (Couch Isocentricity)
A13: Table | F13: CA-X | G13: CA-Z | H13: BB-X | I13: BB-Z | J13: BB-X' | K13: BB-Z' | L13: dX | M13: dZ | N13: Table-X | O13: Table-Z | P13: BB-X" | Q13: BB-Z" | R13: BB-R"^2
A14: =Preprocess!D26 -> 180 | B14: =Preprocess!E26 -> 270 | C14: =Preprocess!F26 -> 0 | D14: =IF(AND($A14=180,$B14=270,$C14=0),Preprocess!G26,"") -> -0.16 | E14: =IF(AND($A14=180,$B14=270,$C14=0),Preprocess!H26,"") -> 0.29 | F14: =IF(D14="","",-D14) -> 0.16 | G14: =IF(E14="","",-E14) -> -0.29 | H14: =F$14-F14 -> 0 | I14: =G$14-G14 -> 0 | J14: =H14+L14 -> 0.20124697 | K14: =I14+M14 -> 0.35063993 | L14: 0.20124697 | M14: 0.35063993 | N14: 0.3462256 | O14: 0.33485214 | P14: =J14-N$14 -> -0.14497862 | Q14: =K14-O$14 -> 0.015787795 | R14: =IF(OR(D14="",E14=""),"",P14^2+Q14^2) -> 0.021268056
A15: =Preprocess!D29 -> 180 | B15: =Preprocess!E29 -> 270 | C15: =Preprocess!F29 -> 30 | D15: =IF(AND($A15=180,$B15=270),Preprocess!G29,"") -> -0.36 | E15: =IF(AND($A15=180,$B15=270),Preprocess!H29,"") -> 0.47 | F15: =IF(D15="","",-D15) -> 0.36 | G15: =IF(E15="","",-E15) -> -0.47 | H15: =F$14-F15 -> -0.2 | I15: =G$14-G15 -> 0.18 | J15: =H15+L15 -> 0.14960496 | K15: =I15+M15 -> 0.3830396 | L15: =L$14*COS(C15*PI()/180)+M$14*SIN(C15*PI()/180) -> 0.34960496 | M15: =M$14*COS(C15*PI()/180)-L$14*SIN(C15*PI()/180) -> 0.2030396 | P15: =J15-N$14 -> -0.19662064 | Q15: =K15-O$14 -> 0.048187466 | R15: =IF(OR(D15="",E15=""),"",P15^2+Q15^2) -> 0.040981708
A16: =Preprocess!D30 -> 180 | B16: =Preprocess!E30 -> 270 | C16: =Preprocess!F30 -> 60 | D16: =IF(AND($A16=180,$B16=270),Preprocess!G30,"") -> -0.25 | E16: =IF(AND($A16=180,$B16=270),Preprocess!H30,"") -> 0.57 | F16: =IF(D16="","",-D16) -> 0.25 | G16: =IF(E16="","",-E16) -> -0.57 | H16: =F$14-F16 -> -0.09 | I16: =G$14-G16 -> 0.28 | J16: =H16+L16 -> 0.31428657 | K16: =I16+M16 -> 0.28103498 | L16: =L$14*COS(C16*PI()/180)+M$14*SIN(C16*PI()/180) -> 0.40428657 | M16: =M$14*COS(C16*PI()/180)-L$14*SIN(C16*PI()/180) -> 0.0010349767 | P16: =J16-N$14 -> -0.031939021 | Q16: =K16-O$14 -> -0.05381716 | R16: =IF(OR(D16="",E16=""),"",P16^2+Q16^2) -> 0.0039163878
A17: =Preprocess!D31 -> 180 | B17: =Preprocess!E31 -> 270 | C17: =Preprocess!F31 -> 90 | D17: =IF(AND($A17=180,$B17=270),Preprocess!G31,"") -> -0.36 | E17: =IF(AND($A17=180,$B17=270),Preprocess!H31,"") -> 0.74 | F17: =IF(D17="","",-D17) -> 0.36 | G17: =IF(E17="","",-E17) -> -0.74 | H17: =F$14-F17 -> -0.2 | I17: =G$14-G17 -> 0.45 | J17: =H17+L17 -> 0.15063993 | K17: =I17+M17 -> 0.24875303 | L17: =L$14*COS(C17*PI()/180)+M$14*SIN(C17*PI()/180) -> 0.35063993 | M17: =M$14*COS(C17*PI()/180)-L$14*SIN(C17*PI()/180) -> -0.20124697 | P17: =J17-N$14 -> -0.19558566 | Q17: =K17-O$14 -> -0.086099108 | R17: =IF(OR(D17="",E17=""),"",P17^2+Q17^2) -> 0.045666808
A18: =Preprocess!D32 -> 180 | B18: =Preprocess!E32 -> 270 | C18: =Preprocess!F32 -> 270 | D18: =IF(AND($A18=180,$B18=270),Preprocess!G32,"") -> 0.47 | E18: =IF(AND($A18=180,$B18=270),Preprocess!H32,"") -> 0.22 | F18: =IF(D18="","",-D18) -> -0.47 | G18: =IF(E18="","",-E18) -> -0.22 | H18: =F$14-F18 -> 0.63 | I18: =G$14-G18 -> -0.07 | J18: =H18+L18 -> 0.27936007 | K18: =I18+M18 -> 0.13124697 | L18: =L$14*COS(C18*PI()/180)+M$14*SIN(C18*PI()/180) -> -0.35063993 | M18: =M$14*COS(C18*PI()/180)-L$14*SIN(C18*PI()/180) -> 0.20124697 | P18: =J18-N$14 -> -0.066865527 | Q18: =K18-O$14 -> -0.20360517 | R18: =IF(OR(D18="",E18=""),"",P18^2+Q18^2) -> 0.045926062
A19: =Preprocess!D33 -> 180 | B19: =Preprocess!E33 -> 270 | C19: =Preprocess!F33 -> 300 | D19: =IF(AND($A19=180,$B19=270),Preprocess!G33,"") -> 0.52 | E19: =IF(AND($A19=180,$B19=270),Preprocess!H33,"") -> 0.35 | F19: =IF(D19="","",-D19) -> -0.52 | G19: =IF(E19="","",-E19) -> -0.35 | H19: =F$14-F19 -> 0.68 | I19: =G$14-G19 -> 0.06 | J19: =H19+L19 -> 0.4769604 | K19: =I19+M19 -> 0.40960496 | L19: =L$14*COS(C19*PI()/180)+M$14*SIN(C19*PI()/180) -> -0.2030396 | M19: =M$14*COS(C19*PI()/180)-L$14*SIN(C19*PI()/180) -> 0.34960496 | P19: =J19-N$14 -> 0.1307348 | Q19: =K19-O$14 -> 0.074752818 | R19: =IF(OR(D19="",E19=""),"",P19^2+Q19^2) -> 0.022679572
A20: =Preprocess!D34 -> 180 | B20: =Preprocess!E34 -> 270 | C20: =Preprocess!F34 -> 330 | D20: =IF(AND($A20=180,$B20=270),Preprocess!G34,"") -> 0.35 | E20: =IF(AND($A20=180,$B20=270),Preprocess!H34,"") -> 0.36 | F20: =IF(D20="","",-D20) -> -0.35 | G20: =IF(E20="","",-E20) -> -0.36 | H20: =F$14-F20 -> 0.51 | I20: =G$14-G20 -> 0.07 | J20: =H20+L20 -> 0.50896502 | K20: =I20+M20 -> 0.47428657 | L20: =L$14*COS(C20*PI()/180)+M$14*SIN(C20*PI()/180) -> -0.0010349767 | M20: =M$14*COS(C20*PI()/180)-L$14*SIN(C20*PI()/180) -> 0.40428657 | P20: =J20-N$14 -> 0.16273943 | Q20: =K20-O$14 -> 0.13943444 | R20: =IF(OR(D20="",E20=""),"",P20^2+Q20^2) -> 0.045926084
L21: Coordinates in rotated system | P21: BB coordinates after minimization | R21: sum of squars x^2 +y^2 for each table angle
A22: =Data!A19 -> ballCBCT
A23: =Data!A20 -> x (mm) | B23: =Data!B20 -> y (mm) | C23: =Data!C20 -> z (mm)
A24: =Data!A21 -> 0 | B24: =Data!B21 -> 0 | C24: =Data!C21 -> 0
A25: CBCT-ball-table0
A26: x | B26: y | C26: z
A27: =-A24 -> 0 | B27: =-B24 -> 0 | C27: =-C24 -> 0

Sheet Collimator
H2: Max square of CA displacement -> | L2: =MAX(L4:L6) -> 0.15305244 | M2: Solve for smallest max (Collimator Isocentricity)
A3: Collimator | F3: CA-X | G3: CA-Z | H3: Coll-X | I3: Coll-Z | J3: CA-X'' | K3: CA-Z'' | L3: CA-R''^2
A4: =Preprocess!D24 -> 180 | B4: =Preprocess!E24 -> 0 | C4: =Preprocess!F24 -> 0 | D4: =IF(AND($A4=180,$B4=0,$C4=0),Preprocess!G24,"") -> -0.19 | E4: =IF(AND($A4=180,$B4=0,$C4=0),Preprocess!H24,"") -> 0.11 | F4: =IF(D4="","",-D4) -> 0.19 | G4: =IF(E4="","",-E4) -> -0.11 | H4: 0.25482565 | I4: -0.16986197 | J4: =F4-H$4 -> -0.064825649 | K4: =G4-I$4 -> 0.059861973 | L4: =IF(OR(D4="",E4=""),"",SQRT(J4^2+K4^2)) -> 0.088237297
A5: =Preprocess!D25 -> 180 | B5: =Preprocess!E25 -> 90 | C5: =Preprocess!F25 -> 0 | D5: =IF(AND($A5=180,$B5=90,$C5=0),Preprocess!G25,"") -> -0.35 | E5: =IF(AND($A5=180,$B5=90,$C5=0),Preprocess!H25,"") -> 0.05 | F5: =IF(D5="","",-D5) -> 0.35 | G5: =IF(E5="","",-E5) -> -0.05 | J5: =F5-H$4 -> 0.095174351 | K5: =G5-I$4 -> 0.11986197 | L5: =IF(OR(D5="",E5=""),"",SQRT(J5^2+K5^2)) -> 0.15305244
A6: =Preprocess!D26 -> 180 | B6: =Preprocess!E26 -> 270 | C6: =Preprocess!F26 -> 0 | D6: =IF(AND($A6=180,$B6=270,$C6=0),Preprocess!G26,"") -> -0.16 | E6: =IF(AND($A6=180,$B6=270,$C6=0),Preprocess!H26,"") -> 0.29 | F6: =IF(D6="","",-D6) -> 0.16 | G6: =IF(E6="","",-E6) -> -0.29 | J6: =F6-H$4 -> -0.094825649 | K6: =G6-I$4 -> -0.12013803 | L6: =IF(OR(D6="",E6=""),"",SQRT(J6^2+K6^2)) -> 0.15305244
F7: =IF(D7="","",-D7) | G7: =IF(E7="","",-E7)

Sheet Report
A1: Date and Time | B1: Machine | C1: CBCT-> | D1: CBCT-> | E1: CBCT-> | F1: Table Axis-> | G1: Table Axis-> | H1: Gantry flex | I1: =Analysis!P2 -> Coll-Gantry-misalign | J1: MLC offset | K1: Table wobble
C2: Gantry Isocenter | D2: Gantry Isocenter | E2: Gantry Isocenter | F2: Gantry Isocenter | G2: Gantry Isocenter | I2: Gantry | K2: diameter
C3: X (mm) | D3: Y (mm) | E3: Z (mm) | F3: X (mm) | G3: Z (mm) | H3: (mm) | I3: (mm) | J3: (mm) | K3: (mm)
A4: =Data!B1 -> Data Date: 2024-10-15 17:47:43 | B4: TB3 | C4: =Analysis!V3-Analysis!V$4 -> -0.33 | D4: =Analysis!W3-Analysis!W$4 -> 0.065 | E4: =Analysis!X3-Analysis!X$4 -> -0.06625 | F4: =Analysis!V5-Analysis!V$4 -> 0.016225595 | G4: =Analysis!X5-Analysis!X$4 -> 0.26860214 | H4: =Analysis!O3 -> 0.49 | I4: =Analysis!P3 -> 0.0575 | J4: =Analysis!T1 -> -0.2525 | K4: =2*SQRT(Analysis!R12) -> 0.42860744

Sheet Instructions
C2: Insert Data:
D3: 1 | E3: Use Data worksheet
D4: 2 | E4: use QASRSWL patient; take CBCT and make shifts. After initial CBCT take a second CBCT
D5: 3 | E5: Shoot MV images in the order shown on the DATA worksheet
D6: 4 | E6: Find the centroid of the radiation target ball in the contouring spreadsheet.
E7: 4a | F7: Make a high resolution structure
E8: 4b | F8: Set the "apply area" around the ball pretty tight
E9: 4c | F9: Use thresholding contouring; for cermaic ball use threshold of 1000-7000, for tungsten ball use 6000-7000 threshold
E10: 4d | F10: Use centroid report tool in eclipse to find center of ball and origin of acquired image; Make sure to use the correct image, the tool will usually report the data from the first CBCT, and you want data from the last (probably)
D11: 5 | E11: Find center of ball in second CBCT (after move) and insert ball centroid and origin in A23-C24
D12: 6 | E12: Copy the data from A1-Y17 area, the order of table, gantry and collimator must be maintained
D13: 8 | E13: In Analysis worksheet go to the data menu in excel and select solver. If Solver is not installed, install it. Press the solve button.
D14: 9 | E14: In the Collimator worksheet go to the data menu in excel and select solver. Press the solve button.
D15: 10 | E15: If everything has gone well the report worksheet should contain the results of the analysis
D16: 11 | E16: Go to the first sheet, labelled "SNCImport", save it as a CSV, and upload it into SunCHECK
